{"Mean Squared Error": 3.062848372243315, "Macro-Average Mean Absolute Error": 1.3947621204800786, "Macro-F1 Score": 0.17480539823524804, "Accuracy": 0.20647871395104614, "Average end-to-end latency": 230.68835592136313}