{"Mean Squared Error": 1.3336351290176551, "Macro-Average Mean Absolute Error": 0.866260319944377, "Macro-F1 Score": 0.32321564290816934, "Accuracy": 0.37120869171570847, "Average end-to-end latency": 245.23043227087015}