{"Mean Squared Error": 0.8978616555969545, "Macro-Average Mean Absolute Error": 0.48052470344609544, "Macro-F1 Score": 0.3428050581832994, "Accuracy": 0.4403855499757006, "Average end-to-end latency": 12688.820266205044}