{"Mean Squared Error": 0.6674270072992701, "Macro-Average Mean Absolute Error": 0.5337052061246461, "Macro-F1 Score": 0.5243870654470422, "Accuracy": 0.5333029197080292, "Average end-to-end latency": 12545.498997737568}