{"Mean Squared Error": 0.6276018099547511, "Macro-Average Mean Absolute Error": 0.5713710190535772, "Macro-F1 Score": 0.45925609814102, "Accuracy": 0.5334841628959276, "Average end-to-end latency": 319.29275598629835}