{"Mean Squared Error": 0.5330316742081448, "Macro-Average Mean Absolute Error": 0.499245541591309, "Macro-F1 Score": 0.5382008238832543, "Accuracy": 0.5927601809954751, "Average end-to-end latency": 337.994172011764}