{"Mean Squared Error": 1.1785425755372434, "Macro-Average Mean Absolute Error": 0.5510627689174268, "Macro-F1 Score": 0.2733227933728833, "Accuracy": 0.32517369526579415, "Average end-to-end latency": 259.701127014677}