{"Mean Squared Error": 0.9124323451005736, "Macro-Average Mean Absolute Error": 0.4990123956283468, "Macro-F1 Score": 0.33406680780305986, "Accuracy": 0.42846756603926006, "Average end-to-end latency": 235.04142839445313}