{"Mean Squared Error": 0.6266968325791855, "Macro-Average Mean Absolute Error": 0.5590847006848453, "Macro-F1 Score": 0.49684412944824885, "Accuracy": 0.5615384615384615, "Average end-to-end latency": 248.17977794951747}