{"Mean Squared Error": 0.7864253393665158, "Macro-Average Mean Absolute Error": 0.7102191131944553, "Macro-F1 Score": 0.3087067890144676, "Accuracy": 0.43529411764705883, "Average end-to-end latency": 194.29320837644968}