{"Mean Squared Error": 0.5832579185520362, "Macro-Average Mean Absolute Error": 0.5552879203856255, "Macro-F1 Score": 0.47055843362025235, "Accuracy": 0.5610859728506787, "Average end-to-end latency": 865.6495913172065}