{"Mean Squared Error": 0.7393665158371041, "Macro-Average Mean Absolute Error": 0.618410495081179, "Macro-F1 Score": 0.44615324805297163, "Accuracy": 0.5262443438914027, "Average end-to-end latency": 269.09181717646254}