{"Mean Squared Error": 0.8163825834073835, "Macro-Average Mean Absolute Error": 0.4701046432407372, "Macro-F1 Score": 0.36956869107343343, "Accuracy": 0.45092495355036755, "Average end-to-end latency": 284.7612570642365}