{"Mean Squared Error": 0.8629937797883512, "Macro-Average Mean Absolute Error": 0.5186560856021429, "Macro-F1 Score": 0.3473348734504724, "Accuracy": 0.4262056708942564, "Average end-to-end latency": 312.3347124068983}