{"Mean Squared Error": 0.6214556910897487, "Macro-Average Mean Absolute Error": 0.6375711761219318, "Macro-F1 Score": 0.39344172881806394, "Accuracy": 0.5381694805719364, "Average end-to-end latency": 204.60235184044703}