{"Mean Squared Error": 0.8606511026738832, "Macro-Average Mean Absolute Error": 0.46229499447922145, "Macro-F1 Score": 0.3395208200660335, "Accuracy": 0.4085144195815494, "Average end-to-end latency": 753.4955859992317}