{"Mean Squared Error": 0.874848411350958, "Macro-Average Mean Absolute Error": 0.4875490759323111, "Macro-F1 Score": 0.3689673257631813, "Accuracy": 0.4559786563182149, "Average end-to-end latency": 4319.054615938634}