{"Mean Squared Error": 0.7900452488687782, "Macro-Average Mean Absolute Error": 0.629351958275295, "Macro-F1 Score": 0.45843252159218234, "Accuracy": 0.5009049773755656, "Average end-to-end latency": 2965.5850789629553}