{"Mean Squared Error": 0.8405074762120526, "Macro-Average Mean Absolute Error": 0.7089175542678159, "Macro-F1 Score": 0.36900283963843417, "Accuracy": 0.43815133665609424, "Average end-to-end latency": 186.76816432521366}