{"Mean Squared Error": 1.5144796380090497, "Macro-Average Mean Absolute Error": 0.9872822074039214, "Macro-F1 Score": 0.25032526983988124, "Accuracy": 0.3018099547511312, "Average end-to-end latency": 161.6218566865954}