{"Mean Squared Error": 0.7276006711409396, "Macro-Average Mean Absolute Error": 0.6749434500636637, "Macro-F1 Score": 0.3662011696214419, "Accuracy": 0.5075503355704698, "Average end-to-end latency": 289.83590451732516}