{"Mean Squared Error": 0.9624949041989401, "Macro-Average Mean Absolute Error": 0.8834698933268538, "Macro-F1 Score": 0.2541107037409553, "Accuracy": 0.41924174480228293, "Average end-to-end latency": 158.27330299884127}