{"Mean Squared Error": 0.5702465931213497, "Macro-Average Mean Absolute Error": 0.579476925165573, "Macro-F1 Score": 0.3682719460935867, "Accuracy": 0.5588092147955873, "Average end-to-end latency": 225.31051921631803}