{"Mean Squared Error": 1.35975412487868, "Macro-Average Mean Absolute Error": 0.6496042837296486, "Macro-F1 Score": 0.24320214176023508, "Accuracy": 0.2772565512779036, "Average end-to-end latency": 86.78678460488017}