{"Mean Squared Error": 0.9527425478633169, "Macro-Average Mean Absolute Error": 0.6680652209687499, "Macro-F1 Score": 0.32326332443395445, "Accuracy": 0.425155505291219, "Average end-to-end latency": 181.71466999806012}