{"Mean Squared Error": 0.8493212669683258, "Macro-Average Mean Absolute Error": 0.7283897176452199, "Macro-F1 Score": 0.33563858511761807, "Accuracy": 0.3918552036199095, "Average end-to-end latency": 207.4818801657772}