{"Mean Squared Error": 0.816289592760181, "Macro-Average Mean Absolute Error": 0.6444807626912545, "Macro-F1 Score": 0.45524999117227144, "Accuracy": 0.4665158371040724, "Average end-to-end latency": 256.3300896965903}