{"Mean Squared Error": 0.8239819004524886, "Macro-Average Mean Absolute Error": 0.7060394335867629, "Macro-F1 Score": 0.3651143508052743, "Accuracy": 0.4158371040723982, "Average end-to-end latency": 362.8794705302969}