{"Mean Squared Error": 0.4620242914979757, "Macro-Average Mean Absolute Error": 0.7383224924270027, "Macro-F1 Score": 0.39234807664931115, "Accuracy": 0.5938461538461538, "Average end-to-end latency": 335.0946340928273}