{"Mean Squared Error": 0.4394086282113427, "Macro-Average Mean Absolute Error": 0.6301537288352685, "Macro-F1 Score": 0.43409367773042495, "Accuracy": 0.6185167232186136, "Average end-to-end latency": 324.7838158516531}