{"Mean Squared Error": 0.8361990950226245, "Macro-Average Mean Absolute Error": 0.6329884040999355, "Macro-F1 Score": 0.4510901310351523, "Accuracy": 0.4968325791855204, "Average end-to-end latency": 100.837218291516}