{"Mean Squared Error": 0.6556561085972851, "Macro-Average Mean Absolute Error": 0.5949808144547765, "Macro-F1 Score": 0.45777269226262873, "Accuracy": 0.4841628959276018, "Average end-to-end latency": 353.2441258931699}