{"Mean Squared Error": 1.3018010709070258, "Macro-Average Mean Absolute Error": 0.7992846472280961, "Macro-F1 Score": 0.27046911043255756, "Accuracy": 0.39453188382281357, "Average end-to-end latency": 112.27882306847928}