{"Mean Squared Error": 0.6579160589855777, "Macro-Average Mean Absolute Error": 0.6022661225982272, "Macro-F1 Score": 0.40246386772879167, "Accuracy": 0.5516123804893859, "Average end-to-end latency": 134.0650262260779}