{"Mean Squared Error": 0.7628959276018099, "Macro-Average Mean Absolute Error": 0.682737113780215, "Macro-F1 Score": 0.3470617242572164, "Accuracy": 0.4176470588235294, "Average end-to-end latency": 144.98918067734493}