{"Mean Squared Error": 1.2710407239819004, "Macro-Average Mean Absolute Error": 0.7612623043937184, "Macro-F1 Score": 0.3890232270773299, "Accuracy": 0.4407239819004525, "Average end-to-end latency": 123.52494715535971}