{"Mean Squared Error": 1.7963486549802083, "Macro-Average Mean Absolute Error": 0.7363971701747543, "Macro-F1 Score": 0.19338425725050384, "Accuracy": 0.2234429275385734, "Average end-to-end latency": 102.37271172962468}