{"Mean Squared Error": 0.8862194016319129, "Macro-Average Mean Absolute Error": 0.5875863656856648, "Macro-F1 Score": 0.4818378270764937, "Accuracy": 0.5063463281958296, "Average end-to-end latency": 131.31700918116348}