{"Mean Squared Error": 1.7755775577557755, "Macro-Average Mean Absolute Error": 1.5961419397508105, "Macro-F1 Score": 0.16403195015668343, "Accuracy": 0.26732673267326734, "Average end-to-end latency": 749.1902767126712}