{"Mean Squared Error": 1.0858229223248235, "Macro-Average Mean Absolute Error": 0.6703032546618181, "Macro-F1 Score": 0.4752730998795471, "Accuracy": 0.4763715372080391, "Average end-to-end latency": 771.233391273889}