{"Mean Squared Error": 2.4311563471868816, "Macro-Average Mean Absolute Error": 1.6464760155629627, "Macro-F1 Score": 0.13929442026065283, "Accuracy": 0.2010178117048346, "Average end-to-end latency": 1730.9628169098235}