{"Mean Squared Error": 2.8645083932853717, "Macro-Average Mean Absolute Error": 1.2286864436234863, "Macro-F1 Score": 0.31423211023999487, "Accuracy": 0.3249400479616307, "Average end-to-end latency": 3634.6977230186712}