{"Mean Squared Error": 0.6825613079019074, "Macro-Average Mean Absolute Error": 0.5690778633397693, "Macro-F1 Score": 0.5075666130333714, "Accuracy": 0.5295186194368756, "Average end-to-end latency": 30737.447366009816}