{"Mean Squared Error": 1.0560452891225232, "Macro-Average Mean Absolute Error": 0.5332375685568134, "Macro-F1 Score": 0.3019899340700079, "Accuracy": 0.3776789324706834, "Average end-to-end latency": 215.42333626240702}