{"Mean Squared Error": 3.8, "Macro-Average Mean Absolute Error": 1.5974900630073043, "Macro-F1 Score": 0.08430799220272904, "Accuracy": 0.19047619047619047, "Average end-to-end latency": 5327.351499552632}