{"Mean Squared Error": 1.7970219435736676, "Macro-Average Mean Absolute Error": 1.5598849889680708, "Macro-F1 Score": 0.08459667477274703, "Accuracy": 0.22962382445141066, "Average end-to-end latency": 4299.763349582018}