{"Mean Squared Error": 0.6800904977375566, "Macro-Average Mean Absolute Error": 0.5234606267562646, "Macro-F1 Score": 0.5309233683886667, "Accuracy": 0.5547511312217195, "Average end-to-end latency": 190.9114800754943}