{"Mean Squared Error": 0.9316123188405797, "Macro-Average Mean Absolute Error": 0.6127595628854827, "Macro-F1 Score": 0.45119247421802483, "Accuracy": 0.47101449275362317, "Average end-to-end latency": 9551.80912526249}