{"Mean Squared Error": 1.0159540006478782, "Macro-Average Mean Absolute Error": 0.4904730844009526, "Macro-F1 Score": 0.3156592828408895, "Accuracy": 0.42565597667638483, "Average end-to-end latency": 23958.072162412762}