{"Mean Squared Error": 1.0470958881977543, "Macro-Average Mean Absolute Error": 0.5297482848212043, "Macro-F1 Score": 0.31038306391461185, "Accuracy": 0.3955085224977785, "Average end-to-end latency": 226.5965560714112}