{"Mean Squared Error": 0.7687782805429865, "Macro-Average Mean Absolute Error": 0.553368068843184, "Macro-F1 Score": 0.505733214307295, "Accuracy": 0.5140271493212669, "Average end-to-end latency": 11891.89632165528}