{"Mean Squared Error": 0.7651583710407239, "Macro-Average Mean Absolute Error": 0.5443547629349984, "Macro-F1 Score": 0.5148236084689085, "Accuracy": 0.53710407239819, "Average end-to-end latency": 192.9924368685558}