{"Mean Squared Error": 0.5479638009049774, "Macro-Average Mean Absolute Error": 0.48497244544940565, "Macro-F1 Score": 0.5634610825599977, "Accuracy": 0.5914027149321267, "Average end-to-end latency": 263.72632857728684}