{"Mean Squared Error": 1.0455610307779304, "Macro-Average Mean Absolute Error": 0.5361858447210883, "Macro-F1 Score": 0.32759921125404945, "Accuracy": 0.40253655384118264, "Average end-to-end latency": 148.52971336344746}