{"Mean Squared Error": 1.4578722029243072, "Macro-Average Mean Absolute Error": 0.6342476241903955, "Macro-F1 Score": 0.2541736041107192, "Accuracy": 0.28402940463688503, "Average end-to-end latency": 169.63345263256875}