{"Mean Squared Error": 0.6253393665158371, "Macro-Average Mean Absolute Error": 0.5235644129666965, "Macro-F1 Score": 0.5272395371998979, "Accuracy": 0.5570135746606335, "Average end-to-end latency": 159.62230125792448}