{"Mean Squared Error": 1.1257780292619837, "Macro-Average Mean Absolute Error": 0.5134775158771688, "Macro-F1 Score": 0.29105614790316925, "Accuracy": 0.39463260851992565, "Average end-to-end latency": 10108.288105682379}