{"Mean Squared Error": 0.9198369565217391, "Macro-Average Mean Absolute Error": 0.6087105295323776, "Macro-F1 Score": 0.47397898990856646, "Accuracy": 0.47780797101449274, "Average end-to-end latency": 13347.86033303423}