{"Mean Squared Error": 1.4630829015544042, "Macro-Average Mean Absolute Error": 0.595339826078567, "Macro-F1 Score": 0.24251791253266072, "Accuracy": 0.3002752590673575, "Average end-to-end latency": 12576.909405198925}