{"Mean Squared Error": 1.2713498622589532, "Macro-Average Mean Absolute Error": 0.9449336236951151, "Macro-F1 Score": 0.2378148216229785, "Accuracy": 0.27823691460055094, "Average end-to-end latency": 709.6794922164498}