{"Mean Squared Error": 0.6285397001665741, "Macro-Average Mean Absolute Error": 0.7253960065549276, "Macro-F1 Score": 0.34389925066569915, "Accuracy": 0.5172126596335369, "Average end-to-end latency": 1280.2407208622417}